skill,filter_type
23,numerical
3d max,numerical
3d scanning systems,numerical
adobe cq5,numerical
api q1,numerical
as2,numerical
autocad 2d,numerical
autodesk 3ds max,numerical
b2b ecommerce,numerical
b2b integration,numerical
b2b sales,numerical
b2b services,numerical
catia v5,numerical
css2,numerical
css3,numerical
db2,numerical
hl7,numerical
iso 8583,numerical
iso13485,numerical
iso14001,numerical
iso9001,numerical
j2se,numerical
jlpt n1,numerical
k2 blackpearl,numerical
lync server 2010,numerical
microsoft exchange 2010,numerical
microsoft office 2003,numerical
microsoft office 2007,numerical
microsoft office 365,numerical
moss 2007,numerical
ohsas18001,numerical
oracle 10g,numerical
oracle 11g,numerical
oracle 9i,numerical
oracle developer 2000,numerical
oshas 18001,numerical
sap b1,numerical
sap r3,numerical
sap ui5,numerical
series 63,numerical
sharepoint 2007,numerical
sharepoint 2010,numerical
sharepoint 2013,numerical
sql server 2008,numerical
struts2,numerical
t24,numerical
ts16949,numerical
vb6,numerical
win32,numerical
windows 2008,numerical
windows server 2003,numerical
windows server 2008,numerical
windows server 2012,numerical
3pl,subsuper
3pl management,subsuper
abap,subsuper
sap abap,subsuper
accounting,subsuper
accounting applications,subsuper
accounting policy,subsuper
basic accounting,subsuper
financial accounting,subsuper
general accounting,subsuper
managerial accounting,subsuper
technical accounting,subsuper
ubs accounting,subsuper
accounting and finance,subsuper
myob accounting software,subsuper
ubs accounting software,subsuper
ubs accounting system,subsuper
accpac,subsuper
sage accpac,subsuper
acta,subsuper
acta certified,subsuper
adaptable,subsuper
adaptable to changes,subsuper
adaptive,subsuper
adaptive planning,subsuper
adf,subsuper
oracle adf,subsuper
administration,subsuper
business administration,subsuper
contract administration,subsuper
corporate administration,subsuper
credit administration,subsuper
firewall administration,subsuper
oracle administration,subsuper
project administration,subsuper
school administration,subsuper
siebel administration,subsuper
training administration,subsuper
general office administration,subsuper
linux server administration,subsuper
windows server administration,subsuper
administrator,subsuper
tibco administrator,subsuper
ads,subsuper
facebook ads,subsuper
print ads,subsuper
adults,subsuper
teaching adults,subsuper
advertising,subsuper
advertising agency,subsuper
advertising copy,subsuper
consumer advertising,subsuper
digital advertising,subsuper
facebook advertising,subsuper
tv advertising,subsuper
advertising and promotions,subsuper
advisory,subsuper
risk advisory,subsuper
strategic advisory,subsuper
analog,subsuper
analog design,subsuper
analytical,subsuper
analytical abilities,subsuper
analytical approach,subsuper
strong analytical skills,subsuper
aquisition,subsuper
client aquisition,subsuper
architectural,subsuper
architectural drafting,subsuper
arena,subsuper
front arena,subsuper
artist,subsuper
artist development,subsuper
artist management,subsuper
texture artist,subsuper
arts,subsuper
arts management,subsuper
fine arts,subsuper
as400,subsuper
as400 system,subsuper
asp,subsuper
classic asp,subsuper
asset,subsuper
asset enhancement,subsuper
asset finance,subsuper
asset managment,subsuper
asset servicing,subsuper
asset liability management,subsuper
asset management software,subsuper
media asset management,subsuper
assurance,subsuper
quality assurance,subsuper
revenue assurance,subsuper
audit,subsuper
financial audit,subsuper
security audit,subsuper
audits,subsuper
compliance audits,subsuper
ehs audits,subsuper
safety audits,subsuper
auto,subsuper
auto cad,subsuper
avamar,subsuper
emc avamar,subsuper
awareness,subsuper
building brand awareness,subsuper
backup,subsuper
backup servers,subsuper
enterprise backup,subsuper
symantec backup exec,subsuper
band,subsuper
band saws,subsuper
bands,subsuper
exercise bands,subsuper
banking,subsuper
banking operations,subsuper
banking technology,subsuper
consumer banking,subsuper
corporate banking,subsuper
digital banking,subsuper
institutional banking,subsuper
islamic banking,subsuper
mortgage banking,subsuper
retail banking,subsuper
transaction banking,subsuper
banking and finance,subsuper
benefits,subsuper
employee benefits,subsuper
flexible benefits,subsuper
bid,subsuper
bid management,subsuper
bid support,subsuper
bilingual,subsuper
bilingual proficiency,subsuper
bing,subsuper
microsoft bing,subsuper
black,subsuper
master black belt,subsuper
blogger,subsuper
blogger outreach,subsuper
blogger relations,subsuper
books,subsuper
receipt books,subsuper
broking,subsuper
insurance broking,subsuper
budgets,subsuper
controlling budgets,subsuper
managing project budgets,subsuper
buying,subsuper
programmatic buying,subsuper
camera,subsuper
camera lenses,subsuper
camera operator,subsuper
campaign,subsuper
campaign optimization,subsuper
campaign planning,subsuper
marketing campaign management,subsuper
cell,subsuper
cell phones,subsuper
live cell imaging,subsuper
certifications,subsuper
iso certifications,subsuper
certified,subsuper
ccna certified,subsuper
ccnp certified,subsuper
certified pmp,subsuper
certified trainer,subsuper
istqb certified,subsuper
pmp certified,subsuper
certified ethical hacker,subsuper
certified financial planner,subsuper
certified internal auditor,subsuper
certified project manager,subsuper
certified public accountant,subsuper
certified scrum master,subsuper
microsoft certified professional,subsuper
change,subsuper
change communication,subsuper
change leadership,subsuper
leading change,subsuper
organisation change,subsuper
organizational change,subsuper
business change management,subsuper
management of change,subsuper
channel,subsuper
channel expansion,subsuper
channel management,subsuper
channel marketing,subsuper
channel sales,subsuper
charter,subsuper
charter party,subsuper
chartering,subsuper
ship chartering,subsuper
chemical,subsuper
chemical reactors,subsuper
chemical tankers,subsuper
chemical injection systems,subsuper
chromatographs,subsuper
gas chromatographs,subsuper
gas chromatographs gc,subsuper
civil,subsuper
civil 3d,subsuper
civil design,subsuper
claim,subsuper
claim analysis,subsuper
clearing,subsuper
otc clearing,subsuper
clinical,subsuper
clinical diagnostics,subsuper
clinical trial management,subsuper
good clinical practice,subsuper
clustering,subsuper
clustering software,subsuper
coding,subsuper
coding languages,subsuper
collectors,subsuper
data collectors,subsuper
commercial,subsuper
commercial disputes,subsuper
commercial excellence,subsuper
commercial finance,subsuper
commercial law,subsuper
commercial lending,subsuper
commercial lines,subsuper
commercial management,subsuper
commercial operations,subsuper
commercial sales,subsuper
communicator,subsuper
excellent communicator,subsuper
skilled communicator,subsuper
community,subsuper
community relations,subsuper
community service,subsuper
online community management,subsuper
compasses,subsuper
magnetic compasses,subsuper
competitive,subsuper
competitive intelligence,subsuper
competitive strategy,subsuper
compressors,subsuper
reciprocating compressors,subsuper
computer,subsuper
computer clusters,subsuper
computer hardware,subsuper
computer literate,subsuper
computer proficiency,subsuper
computer program,subsuper
computer programming,subsuper
computer servers,subsuper
computer software,subsuper
computer terminals,subsuper
computer aided design,subsuper
computer operating systems,subsuper
solid computer skills,subsuper
computers,subsuper
laptop computers,subsuper
notebook computers,subsuper
personal computers,subsuper
tablet computers,subsuper
conditioning,subsuper
air conditioning systems,subsuper
air conditioning units,subsuper
consultancy,subsuper
business consultancy,subsuper
consultancy services,subsuper
it consultancy,subsuper
management consultancy,subsuper
training consultancy,subsuper
consulting,subsuper
brand consulting,subsuper
business consulting,subsuper
strategy consulting,subsuper
consumer,subsuper
consumer behaviour,subsuper
consumer finance,subsuper
consumer insights,subsuper
consumer marketing,subsuper
consumer research,subsuper
consumer services,subsuper
consumer technology,subsuper
container,subsuper
container ships,subsuper
contract,subsuper
contract development,subsuper
contract disputes,subsuper
contract drafting,subsuper
contract logistics,subsuper
contract negotiating,subsuper
contract negotiations,subsuper
contract review,subsuper
contracts,subsuper
contracts management,subsuper
government contracts,subsuper
negotiating contracts,subsuper
controlling,subsuper
financial controlling,subsuper
controls,subsuper
industrial controls,subsuper
lighting controls,subsuper
project controls,subsuper
conveyors,subsuper
screw conveyors,subsuper
coordination,subsuper
design coordination,subsuper
events coordination,subsuper
costing,subsuper
project costing,subsuper
counseling,subsuper
professional counseling,subsuper
counselling,subsuper
career counselling,subsuper
cpa,subsuper
cpa australia,subsuper
creative,subsuper
creative branding,subsuper
creative development,subsuper
creative direction,subsuper
creative solutions,subsuper
creative sourcing,subsuper
creative thinking,subsuper
creative writer,subsuper
creative concept development,subsuper
culture,subsuper
corporate culture,subsuper
customs,subsuper
customs clearance,subsuper
dbms,subsuper
oracle dbms,subsuper
dcs,subsuper
yokogawa dcs,subsuper
debt,subsuper
debt recovery,subsuper
debt structuring,subsuper
debt capital markets,subsuper
defence,subsuper
ministry of defence,subsuper
deployment,subsuper
deployment software,subsuper
depression,subsuper
beck depression inventory,subsuper
geriatric depression scale,subsuper
designing,subsuper
designing marketing collateral,subsuper
designs,subsuper
conceptual designs,subsuper
determination,subsuper
determination to succeed,subsuper
diagnostic,subsuper
diagnostic ultrasound,subsuper
diagnostics,subsuper
director,subsuper
ibm director,subsuper
test director,subsuper
disputes,subsuper
distribution,subsuper
international distribution,subsuper
downstream,subsuper
downstream oil,subsuper
drafting,subsuper
cad drafting,subsuper
drafting policies,subsuper
drafting proposals,subsuper
drafting software,subsuper
drafting tools,subsuper
legal drafting,subsuper
patent drafting,subsuper
drafting patent applications,subsuper
drinking,subsuper
drinking water,subsuper
driving,subsuper
driving growth,subsuper
driving license,subsuper
driving profitability,subsuper
driving business growth,subsuper
driving operational excellence,subsuper
driving sales performance,subsuper
ecc,subsuper
sap ecc,subsuper
editorial,subsuper
editorial design,subsuper
editorial skills,subsuper
education,subsuper
education management,subsuper
physical education,subsuper
education and training,subsuper
efficiency,subsuper
efficiency improvement,subsuper
ehs,subsuper
ehs management systems,subsuper
electrical,subsuper
autocad electrical,subsuper
electrical engineering,subsuper
emergency,subsuper
emergency lights,subsuper
emergency medical,subsuper
emergency response,subsuper
emergency room,subsuper
emergency response team,subsuper
employment,subsuper
employment legislation,subsuper
engagement,subsuper
client engagement,subsuper
staff engagement,subsuper
volunteer engagement,subsuper
environmental,subsuper
environmental management,subsuper
environmental control officer,subsuper
equity,subsuper
equity research,subsuper
equity sales,subsuper
erp,subsuper
erp oracle,subsuper
erp system,subsuper
estimating,subsuper
cost estimating,subsuper
estimating software,subsuper
evaluation,subsuper
project evaluation,subsuper
tender evaluation,subsuper
event,subsuper
event execution,subsuper
event hosting,subsuper
event management,subsuper
event marketing,subsuper
event operations,subsuper
event organizer,subsuper
event sales,subsuper
special event,subsuper
extractors,subsuper
washer extractors,subsuper
fabrication,subsuper
wafer fabrication,subsuper
factory,subsuper
factory automation,subsuper
fans,subsuper
exhaust fans,subsuper
ventilation fans,subsuper
fashion,subsuper
fashion merchandising,subsuper
financing,subsuper
project financing,subsuper
fix,subsuper
fix protocol,subsuper
flexible,subsuper
flexible working,subsuper
fluent,subsuper
ansys fluent,subsuper
fluent mandarin,subsuper
food,subsuper
food cost,subsuper
food service,subsuper
food supplements,subsuper
food and beverage,subsuper
funds,subsuper
funds management,subsuper
investment funds,subsuper
gaap,subsuper
uk gaap,subsuper
us gaap,subsuper
us gaap reporting,subsuper
game,subsuper
video game consoles,subsuper
video game development,subsuper
geneos,subsuper
itrs geneos,subsuper
green,subsuper
green mark,subsuper
green mark manager,subsuper
hammers,subsuper
power hammers,subsuper
hardware,subsuper
hardware design,subsuper
hardware support,subsuper
troubleshooting hardware,subsuper
hcm,subsuper
peoplesoft hcm,subsuper
sap hcm,subsuper
helpdesk,subsuper
helpdesk support,subsuper
it helpdesk,subsuper
hospitality,subsuper
hospitality design,subsuper
hosting,subsuper
hotel,subsuper
hotel development,subsuper
hotel management,subsuper
hotel reservations,subsuper
housekeeping,subsuper
housekeeping carts,subsuper
hunter,subsuper
head hunter,subsuper
ide,subsuper
eclipse ide,subsuper
identity,subsuper
identity management,subsuper
image,subsuper
image manipulation,subsuper
image editing software,subsuper
image processing software,subsuper
imaging,subsuper
imaging systems,subsuper
digital imaging software,subsuper
magnetic resonance imaging,subsuper
optical imaging systems,subsuper
impact,subsuper
impact analysis,subsuper
industrial,subsuper
industrial relations,subsuper
informatica,subsuper
informatica powercenter,subsuper
innovation,subsuper
brand innovation,subsuper
innovative,subsuper
innovative thinking,subsuper
innovative problem solver,subsuper
inspection,subsuper
piping inspection,subsuper
quality inspection,subsuper
site inspection,subsuper
structural inspection,subsuper
inspection management system,subsuper
installation,subsuper
offshore installation,subsuper
intercom,subsuper
intercom systems,subsuper
international,subsuper
international development,subsuper
international relations,subsuper
marketing international,subsuper
international supply chain,subsuper
international tax planning,subsuper
interpersonal,subsuper
interpersonal savvy,subsuper
interpersonal skill,subsuper
good interpersonal skills,subsuper
interpersonal communication skills,subsuper
interpretation,subsuper
seismic interpretation,subsuper
interviews,subsuper
conducting interviews,subsuper
media interviews,subsuper
inventory,subsuper
inventory management,subsuper
inventory software,subsuper
oracle inventory,subsuper
inventory control software,subsuper
inventory control systems,subsuper
inventory tracking software,subsuper
investigations,subsuper
forensic investigations,subsuper
irons,subsuper
curling irons,subsuper
istqb,subsuper
j2ee,subsuper
j2ee architecture,subsuper
j2ee application development,subsuper
jacks,subsuper
pallet jacks,subsuper
jsp,subsuper
jsp development,subsuper
laboratory,subsuper
laboratory analysis,subsuper
laboratory experience,subsuper
laboratory management,subsuper
laboratory research,subsuper
land,subsuper
land acquisition,subsuper
land surveying,subsuper
lasers,subsuper
diode lasers,subsuper
femtosecond lasers,subsuper
law,subsuper
internet law,subsuper
media law,subsuper
securities law,subsuper
lean,subsuper
lean initiatives,subsuper
lean sigma,subsuper
leases,subsuper
negotiating leases,subsuper
legal,subsuper
legal affairs,subsuper
legal compliance,subsuper
legal documentation,subsuper
legal documents,subsuper
legal services,subsuper
legal support,subsuper
levels,subsuper
bar levels,subsuper
precision levels,subsuper
spirit levels,subsuper
libraries,subsuper
code libraries,subsuper
software libraries,subsuper
lifting,subsuper
lifting belts,subsuper
lifting supervisor,subsuper
listening,subsuper
active listening,subsuper
listening skills,subsuper
listening to customers,subsuper
loaders,subsuper
wheel loaders,subsuper
skid steer loaders,subsuper
logic,subsuper
web logic,subsuper
logistics,subsuper
logistics planning,subsuper
logos,subsuper
design logos,subsuper
luxury,subsuper
luxury retail,subsuper
managerial,subsuper
managerial experience,subsuper
managerial skills,subsuper
mcse,subsuper
mcse 2003,subsuper
mechanical,subsuper
mechanical aptitude,subsuper
mechanical completion,subsuper
mechanical design,subsuper
mechanical engineering,subsuper
media,subsuper
broadcast media,subsuper
media communications,subsuper
media management,subsuper
media relations,subsuper
media writing,subsuper
new media,subsuper
digital media sales,subsuper
social media analytics,subsuper
social media development,subsuper
social media management,subsuper
social media marketing,subsuper
social media monitoring,subsuper
social media sites,subsuper
social media strategist,subsuper
social media strategy,subsuper
medical,subsuper
medical affairs,subsuper
medical information databases,subsuper
mergers,subsuper
mergers and acquisitions,subsuper
metering,subsuper
metering pumps,subsuper
methodology,subsuper
research methodology,subsuper
minutes,subsuper
minutes taking,subsuper
mis,subsuper
mis reporting,subsuper
modelling,subsuper
3d modelling,subsuper
bim modelling,subsuper
data modelling,subsuper
financial modelling,subsuper
building information modelling,subsuper
business process modelling,subsuper
mortgage,subsuper
navision,subsuper
microsoft navision,subsuper
negotiations,subsuper
customer negotiations,subsuper
pricing negotiations,subsuper
supplier negotiations,subsuper
networking,subsuper
basic networking,subsuper
networking essentials,subsuper
networking events,subsuper
professional networking,subsuper
social networking,subsuper
social networking platforms,subsuper
social networking sites,subsuper
networks,subsuper
voice networks,subsuper
storage area networks,subsuper
nursing,subsuper
nursing care,subsuper
ocean,subsuper
ocean engineering,subsuper
ocean freight,subsuper
optimisation,subsuper
search engine optimisation,subsuper
organisation,subsuper
events organisation,subsuper
organisation development,subsuper
organizing,subsuper
events organizing,subsuper
planning and organizing,subsuper
orientation,subsuper
new hire orientation,subsuper
origination,subsuper
deal origination,subsuper
otc,subsuper
otc derivatives,subsuper
partnering,subsuper
business partnering,subsuper
hr business partnering,subsuper
pbx,subsuper
avaya pbx,subsuper
pcr,subsuper
real time pcr,subsuper
personality,subsuper
friendly personality,subsuper
personality profiling,subsuper
positive personality,subsuper
pgp,subsuper
symantec pgp,subsuper
plant,subsuper
plant commissioning,subsuper
plant operations,subsuper
sap plant maintenance,subsuper
plc,subsuper
siemens plc,subsuper
pms,subsuper
opera pms,subsuper
policy,subsuper
policy formulation,subsuper
information security policy,subsuper
power,subsuper
convincing power,subsuper
power generators,subsuper
power point,subsuper
power saws,subsuper
power transformers,subsuper
hydraulic power units,subsuper
microsoft power point,subsuper
ms power point,subsuper
power generation engines,subsuper
power quality analyzers,subsuper
premiere,subsuper
adobe premiere,subsuper
presales,subsuper
technical presales,subsuper
presentation,subsuper
presentation preparation,subsuper
presentation software,subsuper
presenting,subsuper
presenting to clients,subsuper
press,subsuper
press relations,subsuper
price,subsuper
optical price scanners,subsuper
pricing,subsuper
options pricing,subsuper
pricing negotiation,subsuper
pricing software,subsuper
printers,subsuper
barcode printers,subsuper
document printers,subsuper
inkjet printers,subsuper
label printers,subsuper
receipt printers,subsuper
large format printers,subsuper
multi function printers,subsuper
producing,subsuper
line producing,subsuper
profit,subsuper
profit improvement,subsuper
not for profit,subsuper
profitability,subsuper
increased profitability,subsuper
profitability analysis,subsuper
programming,subsuper
android programming,subsuper
basic programming,subsuper
dialog programming,subsuper
java programming,subsuper
python programming,subsuper
vba programming,subsuper
web programming,subsuper
object oriented programming,subsuper
promotions,subsuper
property,subsuper
property development,subsuper
property investment,subsuper
property sales,subsuper
intellectual property issues,subsuper
intellectual property management,subsuper
intellectual property strategy,subsuper
quantitative,subsuper
quantitative analysis,subsuper
quantitative modeling,subsuper
radio,subsuper
radio frequency engineering,subsuper
reactors,subsuper
reality,subsuper
reality tv,subsuper
virtual reality software,subsuper
recording,subsuper
digital recording equipment,subsuper
recruitment,subsuper
campus recruitment,subsuper
executive recruitment,subsuper
global recruitment,subsuper
partner recruitment,subsuper
recruitment operations,subsuper
recruitment technology,subsuper
student recruitment,subsuper
recruitment and selection,subsuper
recruitment process outsourcing,subsuper
regulatory,subsuper
regulatory strategy,subsuper
remedy,subsuper
remedy ticketing system,subsuper
reservations,subsuper
residential,subsuper
residential projects,subsuper
residential real estate,subsuper
responsibility,subsuper
sense of responsibility,subsuper
reuters,subsuper
reuters eikon,subsuper
rewards,subsuper
rewards programs,subsuper
total rewards,subsuper
route,subsuper
route cases,subsuper
sccm,subsuper
sccm 2007,subsuper
sccm 2012,subsuper
science,subsuper
management science,subsuper
material science,subsuper
scm,subsuper
sap scm,subsuper
script,subsuper
perl script,subsuper
shell script,subsuper
sdlc,subsuper
full sdlc,subsuper
secretarial,subsuper
company secretarial,subsuper
corporate secretarial,subsuper
secretarial skills,subsuper
seismic,subsuper
selection,subsuper
site selection,subsuper
supplier selection,subsuper
talent selection,subsuper
self,subsuper
self driven,subsuper
self management,subsuper
self starter,subsuper
control self assessment,subsuper
selling,subsuper
selling skills,subsuper
consultative selling style,subsuper
strategic selling skills,subsuper
shell,subsuper
perl shell,subsuper
unix shell scripting,subsuper
ships,subsuper
cruise ships,subsuper
shooting,subsuper
video shooting,subsuper
siemens,subsuper
siemens teamcenter,subsuper
simulation,subsuper
circuit simulation,subsuper
process simulation software,subsuper
skill,subsuper
communication skill,subsuper
leadership skill,subsuper
negotiation skill,subsuper
smart,subsuper
smart 400,subsuper
smart homes,subsuper
smart phones,subsuper
social,subsuper
marketing social,subsuper
social events,subsuper
social services,subsuper
social skills,subsuper
social work,subsuper
sound,subsuper
sound engineering,subsuper
sound mixing,subsuper
sox,subsuper
compliance sox,subsuper
sox compliance,subsuper
sox compliancy,subsuper
spc,subsuper
spc charts,subsuper
speaker,subsuper
speaker management,subsuper
spectrometers,subsuper
mass spectrometers,subsuper
ss7,subsuper
ss7 protocol,subsuper
staffing,subsuper
professional staffing,subsuper
staffing industry,subsuper
statutory,subsuper
statutory reporting,subsuper
stock,subsuper
stock options,subsuper
employee stock options,subsuper
strategist,subsuper
structuring,subsuper
deal structuring,subsuper
tax structuring,subsuper
sun,subsuper
sun solaris,subsuper
sun system,subsuper
supervision,subsuper
staff supervision,subsuper
supervisory,subsuper
supervisory experience,subsuper
supplements,subsuper
supplier,subsuper
supplier development,subsuper
supplier quality,subsuper
switch,subsuper
cisco switch,subsuper
switchboards,subsuper
telephone switchboards,subsuper
sybase,subsuper
sybase ase,subsuper
sybase replication server,subsuper
sybase sql server,subsuper
sybase unwired platform,subsuper
tankers,subsuper
taxation,subsuper
singapore taxation,subsuper
telecommunication,subsuper
telecommunication industry,subsuper
templates,subsuper
design templates,subsuper
setup templates,subsuper
terrorism,subsuper
counter terrorism,subsuper
teststand,subsuper
ni teststand,subsuper
texture,subsuper
therapists,subsuper
occupational therapists,subsuper
thermography,subsuper
infrared thermography cameras,subsuper
tracking,subsuper
applicant tracking software,subsuper
defect tracking software,subsuper
incident tracking software,subsuper
trainer,subsuper
experienced trainer,subsuper
transformers,subsuper
transitions,subsuper
career transitions,subsuper
treasury,subsuper
corporate treasury,subsuper
treasury operations,subsuper
treasury systems,subsuper
treatment,subsuper
waste water treatment,subsuper
water treatment equipment,subsuper
trend,subsuper
trend spotting,subsuper
trucks,subsuper
delivery trucks,subsuper
fire trucks,subsuper
flatbed trucks,subsuper
forklift trucks,subsuper
lift trucks,subsuper
pallet trucks,subsuper
reach trucks,subsuper
uat,subsuper
uat testing,subsuper
ubs,subsuper
ultrasound,subsuper
unigraphics,subsuper
nx unigraphics,subsuper
vans,subsuper
delivery vans,subsuper
vba,subsuper
excel vba,subsuper
vba excel,subsuper
vba macro,subsuper
microsoft excel vba,subsuper
ms excel vba,subsuper
vehicles,subsuper
motor vehicles,subsuper
passenger vehicles,subsuper
vendor,subsuper
vendor relations,subsuper
vendor relationships,subsuper
vendor management experience,subsuper
vendor management skills,subsuper
vendor relationship management,subsuper
verification,subsuper
verification software,subsuper
vibration,subsuper
vibration analysis,subsuper
vibration isolators,subsuper
vision,subsuper
vision mixers,subsuper
vision plus,subsuper
vision systems,subsuper
visionary,subsuper
visionary thinking,subsuper
visual,subsuper
visual development,subsuper
visual force,subsuper
visual foxpro,subsuper
microsoft visual sourcesafe,subsuper
microsoft visual studio,subsuper
vnx,subsuper
emc vnx,subsuper
voice,subsuper
voice over,subsuper
voice switches,subsuper
voice mail systems,subsuper
vpn,subsuper
ssl vpn,subsuper
warehousing,subsuper
warehousing operations,subsuper
whiteboards,subsuper
interactive whiteboards,subsuper
winches,subsuper
hydraulic winches,subsuper
xenserver,subsuper
citrix xenserver,subsuper
access management,subsuper
access management software,subsuper
account management,subsuper
global account management,subsuper
key account management,subsuper
application development,subsuper
enterprise application development,subsuper
assessment software,subsuper
risk assessment software,subsuper
autodesk revit,subsuper
autodesk revit architecture,subsuper
business development,subsuper
global business development,subsuper
new business development,subsuper
regional business development,subsuper
strategic business development,subsuper
business events,subsuper
tibco business events,subsuper
business growth,subsuper
business management,subsuper
business management software,subsuper
business object,subsuper
sap business objects,subsuper
business objects,subsuper
business partner,subsuper
hr business partner,subsuper
business plan,subsuper
business plan formulation,subsuper
strategic business planning,subsuper
call center,subsuper
call center software,subsuper
client relations,subsuper
client relationship building,subsuper
client relationship management,subsuper
developing client relationships,subsuper
manage client relationships,subsuper
strengthening client relationships,subsuper
client service,subsuper
client service oriented,subsuper
superior client service,subsuper
cognos tm1,subsuper
ibm cognos tm1,subsuper
good communication skills,subsuper
confined space,subsuper
confined space assessor,subsuper
control systems,subsuper
access control systems,subsuper
machine control systems,subsuper
motion control systems,subsuper
customer relations,subsuper
customer relations management,subsuper
customer relationship management,subsuper
customer relationship,subsuper
cutting machines,subsuper
laser cutting machines,subsuper
data centre,subsuper
data centre management,subsuper
data entry,subsuper
accurate data entry,subsuper
data management,subsuper
data management software,subsuper
database management,subsuper
database management software,subsuper
database management system,subsuper
database management systems,subsuper
decision making,subsuper
decision making skills,subsuper
timely decision making,subsuper
desktop publishing,subsuper
desktop publishing software,subsuper
direct sales,subsuper
indirect sales channels,subsuper
electron microscopes,subsuper
scanning electron microscopes,subsuper
ethical hacker,subsuper
financial management,subsuper
hyperion financial management,subsuper
grinding machines,subsuper
surface grinding machines,subsuper
human resource,subsuper
human resource management,subsuper
human resources management,subsuper
human resources,subsuper
hyperion software,subsuper
oracle hyperion software,subsuper
ibm cognos,subsuper
ibm spss,subsuper
ibm spss statistics,subsuper
ibm websphere,subsuper
ibm websphere mq,subsuper
it architecture,subsuper
it risk,subsuper
credit risk management,subsuper
itil v3,subsuper
itil v3 foundation,subsuper
key account,subsuper
managing key accounts,subsuper
proven leadership skills,subsuper
marketing communication,subsuper
integrated marketing communications,subsuper
marketing communications,subsuper
material management,subsuper
sap material management,subsuper
microsoft windows,subsuper
microsoft windows server,subsuper
microsoft windows xp,subsuper
modeling software,subsuper
human modeling software,subsuper
molding machines,subsuper
injection molding machines,subsuper
ms crm,subsuper
ms crm 2013,subsuper
ms excel,subsuper
ms office,subsuper
ms office 2010,subsuper
ms office applications,subsuper
ms office suite,subsuper
ms office tools,subsuper
ms sql,subsuper
ms sql server,subsuper
network management,subsuper
network management software,subsuper
office 2010,subsuper
microsoft office 2010,subsuper
oracle weblogic,subsuper
oracle weblogic server,subsuper
patent applications,subsuper
people skills,subsuper
exceptional people skills,subsuper
great people skills,subsuper
portfolio management,subsuper
credit portfolio management,subsuper
product development,subsuper
new product development,subsuper
project management,subsuper
construction project management,subsuper
it project management,subsuper
project management office,subsuper
project management plan,subsuper
project management professional,subsuper
project management tools,subsuper
research project management,subsuper
technical project management,subsuper
project manager,subsuper
project scheduling,subsuper
project scheduling software,subsuper
quality control,subsuper
quality control software,subsuper
quality management,subsuper
quality management system,subsuper
quality management systems,subsuper
total quality management,subsuper
real time,subsuper
real time monitoring,subsuper
relationship management,subsuper
partner relationship management,subsuper
reliability analysis,subsuper
reliability analysis software,subsuper
resource planning,subsuper
enterprise resource planning,subsuper
resource planning software,subsuper
result oriented,subsuper
result oriented approach,subsuper
retail sales,subsuper
retail sales experience,subsuper
risk management,subsuper
business risk management,subsuper
fraud risk management,subsuper
market risk management,subsuper
project risk management,subsuper
risk management software,subsuper
risk management systems,subsuper
technology risk management,subsuper
sales support,subsuper
after sales support,subsuper
sap mm,subsuper
sap mm module,subsuper
sap sd,subsuper
sap sd module,subsuper
scanning microscopes,subsuper
laser scanning microscopes,subsuper
scheduling software,subsuper
job scheduling software,subsuper
scrum master,subsuper
search engine,subsuper
search engine marketing,subsuper
search engine optimization,subsuper
ship building,subsuper
ship repair,subsuper
ship repair manager,subsuper
sketch up,subsuper
google sketch up,subsuper
statistical analysis,subsuper
statistical analysis software,subsuper
strategic sales,subsuper
strategic sales initiatives,subsuper
system design,subsuper
control system design,subsuper
team player,subsuper
active team player,subsuper
energetic team player,subsuper
testing software,subsuper
unit testing software,subsuper
value proposition,subsuper
value proposition development,subsuper
ventilation systems,subsuper
exhaust ventilation systems,subsuper
veritas netbackup,subsuper
symantec veritas netbackup,subsuper
video recorders,subsuper
digital video recorders,subsuper
warehouse management,subsuper
warehouse management system,subsuper
web content,subsuper
web content management,subsuper
wheel chocks,subsuper
aircraft wheel chocks,subsuper
writing skills,subsuper
report writing skills,subsuper
23,no_filter
3d max,no_filter
3d scanning systems,no_filter
aac,no_filter
aas,no_filter
abinitio,no_filter
abs,no_filter
absorbers,no_filter
abstract,no_filter
academia,no_filter
acca,no_filter
accelerometers,no_filter
access database,no_filter
access servers,no_filter
accountancy,no_filter
accurate record keeping,no_filter
achieving results,no_filter
acl,no_filter
acls,no_filter
acmv,no_filter
acquiring,no_filter
acquisition finance,no_filter
acquistions,no_filter
actor,no_filter
actuarial,no_filter
actuate,no_filter
ad sales,no_filter
ada,no_filter
adapt it,no_filter
adaptability,no_filter
addictions,no_filter
adhd,no_filter
administartion,no_filter
administraion,no_filter
administrative assistants,no_filter
administrative functions,no_filter
administrative management,no_filter
administrative office support,no_filter
administrative professionals,no_filter
administrative support,no_filter
administrative work,no_filter
admissions,no_filter
adobe after effects,no_filter
adobe captivate,no_filter
adobe cq5,no_filter
adobe dreamweaver,no_filter
adobe flash,no_filter
adobe forms,no_filter
adobe indesign,no_filter
adobe premier,no_filter
adobe software,no_filter
adolescents,no_filter
adsl,no_filter
adtech,no_filter
advanced analytics,no_filter
advanced excel,no_filter
advanced microsoft excel,no_filter
advantest,no_filter
adventure,no_filter
advocacy,no_filter
aed,no_filter
aerators,no_filter
affiliate marketing,no_filter
agile scrum,no_filter
air blowers,no_filter
air dryers,no_filter
air force,no_filter
air traffic management,no_filter
aircraft performance,no_filter
airfreight,no_filter
airport operations,no_filter
aix,no_filter
alarms,no_filter
algorithmic trading,no_filter
allen bradley,no_filter
alliance development,no_filter
alliances,no_filter
alternative energy,no_filter
alumni relations,no_filter
amazon cloud,no_filter
ambitious,no_filter
ambulances,no_filter
ambulatory,no_filter
aml compliance,no_filter
analyses,no_filter
analysts,no_filter
anchor chains,no_filter
anchoring,no_filter
android app development,no_filter
angle plates,no_filter
angular js,no_filter
animal surgery,no_filter
animals,no_filter
animation,no_filter
announcement systems,no_filter
annunciators,no_filter
ant,no_filter
antenna design,no_filter
antivirus software,no_filter
aop,no_filter
apache hadoop,no_filter
apache tomcat,no_filter
api q1,no_filter
apis,no_filter
apple macintosh,no_filter
apple os,no_filter
application delivery,no_filter
application design,no_filter
application engine,no_filter
application management,no_filter
application support,no_filter
applications support,no_filter
appraisals,no_filter
apqp,no_filter
architectures,no_filter
arm,no_filter
army,no_filter
artists,no_filter
as2,no_filter
asa,no_filter
asic,no_filter
asm,no_filter
asme,no_filter
aspen,no_filter
assertiveness,no_filter
assessment centres,no_filter
associate,no_filter
assortment,no_filter
at multitasking,no_filter
ate,no_filter
athletes,no_filter
atl,no_filter
atlassian bamboo,no_filter
atm,no_filter
atomic force microscopy,no_filter
atpg,no_filter
attention to detail,no_filter
attention to details,no_filter
audio,no_filter
author,no_filter
autocad 2d,no_filter
autoclaves,no_filter
autodesk 3ds max,no_filter
autodesk autocad,no_filter
autodesk maya,no_filter
autodesk navisworks,no_filter
autohydro,no_filter
automatic test equipment,no_filter
automation testing,no_filter
automobile,no_filter
automobiles,no_filter
autonomous,no_filter
autonomy,no_filter
availability management,no_filter
avaloq,no_filter
avaya technologies,no_filter
aviation industry,no_filter
aviation maintenance,no_filter
avr,no_filter
awesomeness,no_filter
axapta,no_filter
axes,no_filter
axiom,no_filter
b2b ecommerce,no_filter
b2b integration,no_filter
b2b sales,no_filter
b2b services,no_filter
baan,no_filter
babies,no_filter
back office,no_filter
backboards,no_filter
backend development,no_filter
backend operations,no_filter
bahasa melayu,no_filter
balance sheet management,no_filter
balances,no_filter
banca,no_filter
bandsaws,no_filter
banquets,no_filter
bar management,no_filter
barista,no_filter
base maintenance,no_filter
basic html,no_filter
basic japanese,no_filter
basic java,no_filter
basic photography,no_filter
basic photoshop,no_filter
basic sql,no_filter
basics of unix,no_filter
bathrooms,no_filter
battery chargers,no_filter
bcls,no_filter
bcp,no_filter
bcss,no_filter
bdd,no_filter
beakers,no_filter
beauty,no_filter
bedpans,no_filter
behavioral economics,no_filter
bentley projectwise,no_filter
best practices,no_filter
bgp,no_filter
bicycles,no_filter
bigdata,no_filter
billing,no_filter
bim management,no_filter
binding machines,no_filter
binoculars,no_filter
bioimaging,no_filter
biological sciences,no_filter
bioreactors,no_filter
birt,no_filter
blade servers,no_filter
blasting,no_filter
blenders,no_filter
blog,no_filter
bloomberg professional,no_filter
bls,no_filter
bms,no_filter
board of directors,no_filter
board reporting,no_filter
boats,no_filter
body armor,no_filter
bom,no_filter
boom lifts,no_filter
bore gauges,no_filter
boring machines,no_filter
botox,no_filter
bowling balls,no_filter
box cutters,no_filter
bpc,no_filter
bpcs,no_filter
bpel,no_filter
bpr,no_filter
brakes,no_filter
brand ambassadors,no_filter
brand building,no_filter
brand communication,no_filter
brand communications,no_filter
brand development,no_filter
brand management,no_filter
brand standards,no_filter
branding development,no_filter
branding experience,no_filter
branding initiatives,no_filter
brazing equipment,no_filter
brew,no_filter
bridal,no_filter
bridge cranes,no_filter
brms,no_filter
broilers,no_filter
brokers,no_filter
bsd,no_filter
bss,no_filter
budget planning,no_filter
budgeting and forecasting,no_filter
buffers,no_filter
building business relationships,no_filter
building construction,no_filter
building customer loyalty,no_filter
building information modeling,no_filter
building relationships,no_filter
bulk carriers,no_filter
bullhorn,no_filter
bunkering,no_filter
business affairs,no_filter
business analyst,no_filter
business communication,no_filter
business continuity management,no_filter
business control,no_filter
business etiquette,no_filter
business excellence,no_filter
business finance,no_filter
business in china,no_filter
business insurance,no_filter
business intelligence software,no_filter
business leadership,no_filter
business negotiation,no_filter
business operations management,no_filter
business optimization,no_filter
business process engineering,no_filter
business process excellence,no_filter
business process outsourcing,no_filter
business process reengineering,no_filter
business reporting,no_filter
business software applications,no_filter
business solutions,no_filter
business warehouse,no_filter
buyers,no_filter
ca clarity ppm,no_filter
ca siteminder,no_filter
calculators,no_filter
calendar software,no_filter
calibration software,no_filter
calibre,no_filter
call centers,no_filter
calm,no_filter
camcorders,no_filter
camel,no_filter
candidate development,no_filter
candidate generation,no_filter
candidate management,no_filter
candidate screening,no_filter
capa,no_filter
cappers,no_filter
captives,no_filter
cardiac,no_filter
cardiovascular,no_filter
career advising,no_filter
career coaching,no_filter
cargo,no_filter
caring,no_filter
carrier relations,no_filter
carving tools,no_filter
cash drawers,no_filter
cash equities,no_filter
cash handling experience,no_filter
cash register,no_filter
cash registers,no_filter
cashflow analysis,no_filter
casualty,no_filter
catastrophe,no_filter
category development,no_filter
category management,no_filter
catering sales,no_filter
cati,no_filter
catia v5,no_filter
cbt,no_filter
cca,no_filter
ccda,no_filter
ccdp,no_filter
ccsa,no_filter
cdcs,no_filter
cdma,no_filter
cdn,no_filter
cdo,no_filter
cds,no_filter
ceh,no_filter
cei,no_filter
celebrity,no_filter
cellular,no_filter
centrifugal pumps,no_filter
centrifuges,no_filter
ceo,no_filter
certain software,no_filter
cfa,no_filter
cfd,no_filter
cfe,no_filter
cft,no_filter
cgmp,no_filter
chain blocks,no_filter
chain hoists,no_filter
changeman,no_filter
channels management,no_filter
character,no_filter
chartered accountant,no_filter
checkpoint firewall,no_filter
cheerleading,no_filter
chef,no_filter
chillers,no_filter
china sourcing,no_filter
chinese language,no_filter
chip,no_filter
choir,no_filter
chop saws,no_filter
choppers,no_filter
chucks,no_filter
cia,no_filter
cima,no_filter
cisco acs,no_filter
cisco catalyst switches,no_filter
cisco devices,no_filter
cism,no_filter
citpm,no_filter
claims,no_filter
classroom,no_filter
clean energy,no_filter
clean technology,no_filter
cleaning,no_filter
clerical work,no_filter
client acquisition,no_filter
client communication,no_filter
client communications,no_filter
client databases,no_filter
client development,no_filter
client due diligence,no_filter
client facing skills,no_filter
client handling,no_filter
client interfacing,no_filter
client liaising,no_filter
client management,no_filter
client onboarding,no_filter
client reporting,no_filter
client retention,no_filter
client servicing,no_filter
client system,no_filter
clips,no_filter
cloning,no_filter
closing deals,no_filter
cloud solutions,no_filter
club,no_filter
cluster systems,no_filter
cma,no_filter
cmbs,no_filter
cme,no_filter
cmfas,no_filter
coaching staff,no_filter
coats,no_filter
coffee making,no_filter
cognos bi,no_filter
coin counting machines,no_filter
cold chain management,no_filter
collaborative,no_filter
collections,no_filter
colocation,no_filter
color grading,no_filter
comfortable working independently,no_filter
comit,no_filter
commentary,no_filter
committed to work,no_filter
committment,no_filter
commodities trading,no_filter
commodity management,no_filter
commodity trading,no_filter
communication marketing,no_filter
communication strategy,no_filter
communications strategy,no_filter
communicative skills,no_filter
compactors,no_filter
company branding,no_filter
company management,no_filter
compensations,no_filter
competency assessments,no_filter
competency development,no_filter
competency mapping,no_filter
competitor analysis,no_filter
competitor intelligence,no_filter
complaince,no_filter
complaint handling,no_filter
completions,no_filter
composing,no_filter
composition,no_filter
compressed air systems,no_filter
computational fluid dynamics,no_filter
comsol multiphysics,no_filter
concept design,no_filter
concrete pumps,no_filter
conductivity meters,no_filter
cones,no_filter
configuration management software,no_filter
confirmations,no_filter
confocal microscopes,no_filter
connecting people,no_filter
conscientious,no_filter
consistency,no_filter
construction documents,no_filter
consultant,no_filter
consultants,no_filter
contact centre,no_filter
containers,no_filter
content acquisition,no_filter
content creation,no_filter
content development,no_filter
content filtering,no_filter
content management system,no_filter
content servers,no_filter
content writing,no_filter
control boards,no_filter
control plan,no_filter
control system software,no_filter
controllership,no_filter
controllogix,no_filter
converged infrastructure,no_filter
conversation,no_filter
cooling,no_filter
coordinate events,no_filter
coordinating events,no_filter
copy machines,no_filter
copy writing,no_filter
copyediting,no_filter
corba,no_filter
corporate compliance,no_filter
corporate liaison,no_filter
corporate marketing,no_filter
corporate planning,no_filter
corporate restructuring,no_filter
corporate sales,no_filter
corporate secretary,no_filter
corporate security,no_filter
corporate services,no_filter
corporate strategy,no_filter
corporate wellness,no_filter
corruption,no_filter
cost analysis,no_filter
cost estimation,no_filter
cost reduction solutions,no_filter
cost reduction strategies,no_filter
cost saving initiatives,no_filter
cost saving projects,no_filter
couples,no_filter
course development,no_filter
course material,no_filter
courses,no_filter
courseware development,no_filter
courts,no_filter
coverage,no_filter
cpe,no_filter
cpl,no_filter
cpld,no_filter
cpmd,no_filter
cpr,no_filter
credit card machines,no_filter
credit card processing,no_filter
credit management,no_filter
credit review,no_filter
criminal litigation,no_filter
crisc,no_filter
critical analysis,no_filter
critique,no_filter
cro,no_filter
cross border,no_filter
crs,no_filter
crude oil,no_filter
crystal report,no_filter
csa,no_filter
css javascript,no_filter
css2,no_filter
css3,no_filter
cssa,no_filter
csv,no_filter
ctd,no_filter
ctms,no_filter
cubic,no_filter
cuisine,no_filter
culinary,no_filter
curiosity,no_filter
curriculum design,no_filter
curriculum planning,no_filter
custody,no_filter
customer analytics,no_filter
customer care,no_filter
customer development,no_filter
customer due diligence,no_filter
customer focus,no_filter
customer information databases,no_filter
customer management,no_filter
customer oriented,no_filter
customer segmentation,no_filter
customer service operations,no_filter
customer services,no_filter
customer success,no_filter
customer support,no_filter
customization,no_filter
cutting equipment,no_filter
cvd,no_filter
cxf,no_filter
cybercrime,no_filter
dairy,no_filter
dancing,no_filter
dart for publishers,no_filter
dashboarding,no_filter
data acquisition systems,no_filter
data analysis software,no_filter
data analytic,no_filter
data cleansing,no_filter
data loggers,no_filter
data loss prevention,no_filter
data loss protection,no_filter
data protection,no_filter
data visualization software,no_filter
database admin,no_filter
database analysis,no_filter
database software,no_filter
datacenter management,no_filter
datacentres,no_filter
datamart,no_filter
datawarehousing,no_filter
db2,no_filter
dcim,no_filter
ddd,no_filter
deadline driven,no_filter
deal making,no_filter
dealer network development,no_filter
dealers,no_filter
dealing with ambiguity,no_filter
debugging software,no_filter
dedicated professional,no_filter
dedicated to work,no_filter
dedication to work,no_filter
deep excavation,no_filter
defect management,no_filter
defibrillators,no_filter
dehumidifiers,no_filter
delivering on time,no_filter
delivering results,no_filter
delivering technical training,no_filter
delivery management,no_filter
delphi software,no_filter
deltav,no_filter
dementia,no_filter
dental files,no_filter
derive,no_filter
derricks,no_filter
design conceptualization,no_filter
design development,no_filter
design of experiment,no_filter
design pattern,no_filter
design production,no_filter
designer,no_filter
desktop environment,no_filter
desktop management,no_filter
desktop support,no_filter
detail design,no_filter
detail engineering,no_filter
detail oriented,no_filter
detailed engineering,no_filter
detailing,no_filter
determined to succeed,no_filter
development of people,no_filter
device physics,no_filter
dfm,no_filter
dfmea,no_filter
dfp,no_filter
dfs,no_filter
dhcp,no_filter
dial indicators,no_filter
dialysis machines,no_filter
dice,no_filter
die bonders,no_filter
diesel engines,no_filter
dig,no_filter
digital analytics,no_filter
digital branding,no_filter
digital copiers,no_filter
digital design,no_filter
digsilent powerfactory,no_filter
dikes,no_filter
diligent,no_filter
direct recruiting,no_filter
direct response,no_filter
direct sourcing,no_filter
directing,no_filter
directory servers,no_filter
disaster management,no_filter
disc,no_filter
discipline,no_filter
disciplined,no_filter
dishwashing machines,no_filter
disks,no_filter
dispensing,no_filter
display screens,no_filter
disposition,no_filter
dispute,no_filter
distillation units,no_filter
distributed control system,no_filter
distributor management,no_filter
dita,no_filter
diversity,no_filter
dividers,no_filter
diy,no_filter
dma,no_filter
dmvpn,no_filter
dns,no_filter
document cameras,no_filter
document control,no_filter
document controller,no_filter
documentations,no_filter
dod,no_filter
doe,no_filter
dom,no_filter
dot net,no_filter
doubleclick for publishers,no_filter
dpi,no_filter
drafters,no_filter
dram,no_filter
drawing skills,no_filter
drawing software,no_filter
drawings documentation,no_filter
drc,no_filter
drill machines,no_filter
drill presses,no_filter
drop tables,no_filter
drug safety,no_filter
drumming,no_filter
dslam,no_filter
dsp,no_filter
dtcc,no_filter
dtd,no_filter
dts,no_filter
dusters,no_filter
dvr,no_filter
dynamic,no_filter
dyslexia,no_filter
eagerness to learn,no_filter
eam,no_filter
eap,no_filter
early childhood,no_filter
eating,no_filter
ecm,no_filter
eco friendly,no_filter
economic analysis,no_filter
ectd,no_filter
edc,no_filter
edi,no_filter
editors,no_filter
edms,no_filter
educational software,no_filter
eeo,no_filter
effective communication,no_filter
effort estimation,no_filter
ehr,no_filter
ejb,no_filter
electricians,no_filter
electronic engineering,no_filter
electronic security systems,no_filter
electronics engineering,no_filter
elementary,no_filter
email servers,no_filter
email software,no_filter
emboss,no_filter
embroidery design software,no_filter
embroidery machines,no_filter
emc data domain,no_filter
emc storage solutions,no_filter
emea,no_filter
emery boards,no_filter
emir,no_filter
empathy,no_filter
employee communications,no_filter
employee hiring,no_filter
employee management,no_filter
empowerment,no_filter
emr,no_filter
emulators,no_filter
emulsifiers,no_filter
end mills,no_filter
end user computing,no_filter
end user support,no_filter
endevor,no_filter
endotracheal tubes,no_filter
energy trading,no_filter
energyplus,no_filter
enforcement,no_filter
engine analyzers,no_filter
engraving machines,no_filter
ensemble,no_filter
enterprise application integration,no_filter
enterprise architect,no_filter
enterprise collaboration,no_filter
enterprise sales,no_filter
enterprise solutions,no_filter
enterprise valuation,no_filter
enthusiast,no_filter
enthusiastic,no_filter
entrepreneur,no_filter
entrepreneurial skills,no_filter
epci,no_filter
epm,no_filter
equipment procurement,no_filter
equipments,no_filter
escalation management,no_filter
esd,no_filter
esl,no_filter
espresso machines,no_filter
esri arcgis,no_filter
estate management,no_filter
ethereal,no_filter
etom,no_filter
europe,no_filter
euthanasia,no_filter
events management,no_filter
events marketing,no_filter
events planning,no_filter
evidence,no_filter
excavator,no_filter
excavators,no_filter
excel and powerpoint,no_filter
excel macro,no_filter
excel macros,no_filter
excels,no_filter
exe,no_filter
executive administrative,no_filter
executive communications,no_filter
executive compensation,no_filter
executive positions,no_filter
executive presentations,no_filter
executive search,no_filter
exercises,no_filter
exhibition design,no_filter
exhibitions,no_filter
exotics,no_filter
experiential marketing,no_filter
experimentation,no_filter
expert,no_filter
explosives,no_filter
export development,no_filter
external relations,no_filter
extjs,no_filter
extrovert,no_filter
eye for detail,no_filter
eye for details,no_filter
eye wash stations,no_filter
facials,no_filter
facilitations,no_filter
facilitators,no_filter
facility management,no_filter
facility operations,no_filter
fanuc,no_filter
fast learner,no_filter
fast learning,no_filter
fat,no_filter
fatca,no_filter
fcc,no_filter
fda,no_filter
fea,no_filter
fear,no_filter
feature articles,no_filter
feed,no_filter
feedback,no_filter
fem,no_filter
fermat,no_filter
ferries,no_filter
fgs,no_filter
fib,no_filter
fiber,no_filter
fico,no_filter
fidelio,no_filter
field engineering,no_filter
field operations,no_filter
file management systems,no_filter
filing cabinets,no_filter
filming,no_filter
filtration systems,no_filter
finance management,no_filter
finance operations,no_filter
financial advice,no_filter
financial analysis software,no_filter
financial control,no_filter
financial crime,no_filter
financial due diligence,no_filter
financial planners,no_filter
financial sector,no_filter
fins,no_filter
fire alarm systems,no_filter
fire engines,no_filter
fire extinguishers,no_filter
fire fighting,no_filter
fire safety manager,no_filter
firearms,no_filter
firefighting hoses,no_filter
firewall management,no_filter
firewall software,no_filter
firmware development,no_filter
first aid equipment,no_filter
first aid kits,no_filter
first aider,no_filter
first responder,no_filter
fixed income products,no_filter
fixed income research,no_filter
fixed income trading,no_filter
flash games,no_filter
fleet management software,no_filter
fleet management systems,no_filter
flexcube,no_filter
flexibility,no_filter
flight operations,no_filter
flights,no_filter
flng,no_filter
floats,no_filter
flow sensors,no_filter
flying,no_filter
fmc technologies,no_filter
fmea,no_filter
foam pumps,no_filter
focus software,no_filter
force transducers,no_filter
forecast,no_filter
foreign exchange,no_filter
forex trading,no_filter
forklift operator,no_filter
forklifts,no_filter
forks,no_filter
formation,no_filter
formulation development,no_filter
forth,no_filter
fortigate,no_filter
forward thinking,no_filter
forwarders,no_filter
fpso,no_filter
fragrances,no_filter
frames,no_filter
frameworks,no_filter
fraud management,no_filter
freedom to operate,no_filter
freehand drawing,no_filter
frequency counters,no_filter
frequency drives,no_filter
fresh ideas,no_filter
frm,no_filter
front end developers,no_filter
fryers,no_filter
fsa,no_filter
fsldm,no_filter
fsm,no_filter
fso,no_filter
fsru,no_filter
fta,no_filter
ftk,no_filter
ftth,no_filter
fuel handling systems,no_filter
fund management,no_filter
fund managers,no_filter
fund raising,no_filter
fundamental research,no_filter
fundraisers,no_filter
funnels,no_filter
furnaces,no_filter
furniture design,no_filter
futures,no_filter
fx options,no_filter
fx trading,no_filter
gadgets,no_filter
galleries,no_filter
gantry cranes,no_filter
garment construction,no_filter
gas analyzers,no_filter
gas detectors,no_filter
gas meters,no_filter
gas stoves,no_filter
gauge blocks,no_filter
gcc,no_filter
gcp,no_filter
gdb,no_filter
gdp,no_filter
gdpmds,no_filter
gebiz,no_filter
general administrative duties,no_filter
general liability,no_filter
general management,no_filter
general practice,no_filter
generics,no_filter
geometric dimensioning,no_filter
geospatial,no_filter
geriatrics,no_filter
gis applications,no_filter
gis software,no_filter
glbp,no_filter
global branding,no_filter
global hr,no_filter
global marketing,no_filter
global markets,no_filter
glp,no_filter
gnss,no_filter
goal oriented,no_filter
goal setting,no_filter
goggles,no_filter
golang,no_filter
google sketchup,no_filter
governance,no_filter
government affairs,no_filter
gpon,no_filter
gprs,no_filter
gpu,no_filter
graders,no_filter
graduate development,no_filter
grains,no_filter
grant management,no_filter
grants,no_filter
graphics design,no_filter
grid control,no_filter
grids,no_filter
grievance handling,no_filter
grill,no_filter
grip,no_filter
group consolidation,no_filter
grouting machines,no_filter
grow lights,no_filter
growth strategy,no_filter
grunt,no_filter
gst,no_filter
guest relations,no_filter
guest satisfaction,no_filter
guest service,no_filter
gui,no_filter
guitar,no_filter
gyroscopes,no_filter
haccp,no_filter
hacmp,no_filter
haematology,no_filter
hair,no_filter
hairstyling,no_filter
hammer drills,no_filter
handheld devices,no_filter
handheld scanners,no_filter
hard disk drives,no_filter
hard worker,no_filter
hardwork,no_filter
hardworking,no_filter
hart,no_filter
harvesters,no_filter
hazid,no_filter
hazmat,no_filter
hazop,no_filter
hci,no_filter
hdb,no_filter
hdfs,no_filter
head hunting,no_filter
headhunt,no_filter
headhunters,no_filter
headhunting,no_filter
headphones,no_filter
health and safety,no_filter
health care compliance,no_filter
healthcare information systems,no_filter
healthcare it,no_filter
hearses,no_filter
heat sealers,no_filter
hec ras,no_filter
height gauges,no_filter
help desk software,no_filter
help desk support,no_filter
herbal,no_filter
herbs,no_filter
hfss,no_filter
high performance computing,no_filter
high tech,no_filter
hiring employees,no_filter
hiring personnel,no_filter
hiv,no_filter
hl7,no_filter
hlr,no_filter
hmc,no_filter
hmi,no_filter
hoisting equipment,no_filter
home care,no_filter
homogenizers,no_filter
honeypot,no_filter
hot combs,no_filter
hotels,no_filter
hotspot,no_filter
house,no_filter
hp alm,no_filter
hp qc,no_filter
hp qtp,no_filter
hp server,no_filter
hpc,no_filter
hplc,no_filter
hpqc,no_filter
hr generalist,no_filter
hr service delivery,no_filter
hr shared services,no_filter
hrm,no_filter
hrms,no_filter
hro,no_filter
hse,no_filter
hsrp,no_filter
hta,no_filter
http,no_filter
human capital strategy,no_filter
human development,no_filter
human relations,no_filter
human relationship,no_filter
humanities,no_filter
humor,no_filter
hydraulic cranes,no_filter
hydraulic presses,no_filter
hydrodynamics,no_filter
hyperion enterprise,no_filter
hyperion essbase,no_filter
hyperion hfm,no_filter
hysys,no_filter
iam,no_filter
ias,no_filter
ibm domino,no_filter
ibm infosphere datastage,no_filter
ibm infosphere warehouse,no_filter
ibm middleware,no_filter
ibm mq,no_filter
ibm mvs,no_filter
ibm notes,no_filter
ibm storage,no_filter
ibs,no_filter
ic design,no_filter
icdl,no_filter
ich guidelines,no_filter
icss,no_filter
ict sales,no_filter
icu,no_filter
idea generation,no_filter
ideation,no_filter
illustrator,no_filter
images,no_filter
imagination,no_filter
imap,no_filter
ims,no_filter
incident analysis,no_filter
incident management,no_filter
incinerators,no_filter
income statement,no_filter
incoterms,no_filter
independent,no_filter
indonesia,no_filter
induction,no_filter
industrials,no_filter
industry analysis,no_filter
industry development,no_filter
influential,no_filter
information technology strategy,no_filter
infrared cameras,no_filter
infrared lamps,no_filter
infrastructure projects,no_filter
ingredients,no_filter
initiative,no_filter
initiator,no_filter
innovativeness,no_filter
innovator,no_filter
inpatient,no_filter
insertion tools,no_filter
insolvency,no_filter
inspiring people,no_filter
installations,no_filter
institutional clients,no_filter
institutional investors,no_filter
instructional software,no_filter
instructional technology,no_filter
instrument calibration,no_filter
integrated marketing plans,no_filter
integrity,no_filter
intellimatch,no_filter
interaction,no_filter
interactive design,no_filter
intercompany,no_filter
interface management,no_filter
interferometers,no_filter
interiors,no_filter
intermodal,no_filter
internal control,no_filter
internal medicine,no_filter
internet marketing,no_filter
internet research,no_filter
internet technologies,no_filter
intervention,no_filter
interview coaching,no_filter
interview skills,no_filter
interviewing skills,no_filter
interwoven,no_filter
intools,no_filter
intrusion detection systems,no_filter
intuit quickbooks,no_filter
inventor,no_filter
investment analysis,no_filter
investment operations,no_filter
investment planning,no_filter
investment portfolio,no_filter
investment products,no_filter
investor relations,no_filter
invoice software,no_filter
ioc,no_filter
iot,no_filter
ip telephony,no_filter
ipl,no_filter
irb,no_filter
ironing boards,no_filter
irradiance detectors,no_filter
isda,no_filter
isilon,no_filter
isis,no_filter
ism,no_filter
isms,no_filter
iso 8583,no_filter
iso auditor,no_filter
iso13485,no_filter
iso14001,no_filter
iso9001,no_filter
isp,no_filter
isps,no_filter
issue resolution,no_filter
issues management,no_filter
issuing,no_filter
it savvy,no_filter
it skills,no_filter
it solutions,no_filter
it support,no_filter
it training,no_filter
itsm,no_filter
ivd,no_filter
j2se,no_filter
japanese language,no_filter
java ee,no_filter
java web applications,no_filter
javaee,no_filter
javascript mvc,no_filter
jaxb,no_filter
jboss,no_filter
jcl,no_filter
jd edwards software,no_filter
jdbc,no_filter
jde,no_filter
jee,no_filter
jet,no_filter
jewellery design,no_filter
jiggers,no_filter
jit,no_filter
jlpt n1,no_filter
jms,no_filter
jncia,no_filter
jndi,no_filter
jni,no_filter
job description creation,no_filter
job postings,no_filter
joiners,no_filter
jsf,no_filter
jstl,no_filter
jtag,no_filter
juniper firewall,no_filter
juniper netscreen,no_filter
jython,no_filter
k2 blackpearl,no_filter
kayaking,no_filter
kenshoo,no_filter
keyboard skills,no_filter
keyword analysis,no_filter
kitchen,no_filter
knives,no_filter
know your customer,no_filter
knowledge transfer,no_filter
kondor,no_filter
korean language,no_filter
kpo,no_filter
kvm,no_filter
lab management,no_filter
labour legislation,no_filter
ladders,no_filter
ladles,no_filter
laminators,no_filter
lamp stack,no_filter
lan,no_filter
landlord,no_filter
landlords,no_filter
language proficiency,no_filter
language skills,no_filter
lapping machines,no_filter
large format printing,no_filter
laser cutters,no_filter
laser scanners,no_filter
laser systems,no_filter
lathe machines,no_filter
lathes,no_filter
lcci,no_filter
lcms,no_filter
lead auditor,no_filter
lead optimization,no_filter
leadership and management,no_filter
leadership assessment,no_filter
leadership initiatives,no_filter
leading large teams,no_filter
leading people,no_filter
leading projects,no_filter
leaf blowers,no_filter
leak detectors,no_filter
learning needs analysis,no_filter
learning solutions,no_filter
lease management,no_filter
leasing,no_filter
lecturer,no_filter
leed,no_filter
legacy planning,no_filter
legato networker,no_filter
leisure,no_filter
lessons learned,no_filter
letter of credit,no_filter
lexis,no_filter
liasing,no_filter
librarians,no_filter
library,no_filter
life jackets,no_filter
life preservers,no_filter
life rafts,no_filter
lifeboats,no_filter
lifesciences,no_filter
lifestyle,no_filter
light meters,no_filter
lightning protection systems,no_filter
limousines,no_filter
lims,no_filter
line scan cameras,no_filter
linear editing systems,no_filter
lingerie,no_filter
linux security,no_filter
liquid chromatography,no_filter
lis,no_filter
listed derivatives,no_filter
listener,no_filter
lna,no_filter
lng,no_filter
load balancers,no_filter
load runner,no_filter
loan documentation,no_filter
local area network,no_filter
logical thinker,no_filter
logo,no_filter
long term care,no_filter
love to learn,no_filter
loyal,no_filter
lpar,no_filter
ls retail,no_filter
lsmw,no_filter
luxe,no_filter
lvm,no_filter
lvs,no_filter
lync server 2010,no_filter
machine control software,no_filter
machining centers,no_filter
macromedia flash,no_filter
magic,no_filter
maintainance,no_filter
maintenance management software,no_filter
maintenance software,no_filter
makeup,no_filter
management marketing,no_filter
management principles,no_filter
management reporting,no_filter
managing database,no_filter
managing deadlines,no_filter
managing events,no_filter
managing it infrastructure,no_filter
managing processes,no_filter
mandarin chinese,no_filter
manpower management,no_filter
manpower planning,no_filter
manual mills,no_filter
manufacture,no_filter
manufacturing execution system,no_filter
manufacturing management,no_filter
manufacturing operations,no_filter
margin,no_filter
marine,no_filter
market insights,no_filter
market intelligence,no_filter
marketing and sales,no_filter
marketing concepts,no_filter
marketing digital,no_filter
marketing intelligence,no_filter
marketing management,no_filter
marketing online,no_filter
marketing research,no_filter
marketing roi,no_filter
marketing support,no_filter
marpol,no_filter
mas reporting,no_filter
masks,no_filter
master mariner,no_filter
master of ceremonies,no_filter
master planning,no_filter
mastercam software,no_filter
masterplanning,no_filter
material planning,no_filter
materials characterization,no_filter
materials engineering,no_filter
mba,no_filter
mbs,no_filter
mcafee epo,no_filter
mcitp,no_filter
mcp,no_filter
mcts,no_filter
mdm,no_filter
mdt,no_filter
mdx,no_filter
measuring tapes,no_filter
mediator,no_filter
mediterranean,no_filter
meet deadlines,no_filter
member relations,no_filter
membership databases,no_filter
membrane technology,no_filter
membranes,no_filter
memory,no_filter
menswear,no_filter
mentor software,no_filter
mentoring of staff,no_filter
mentorship,no_filter
menu creation,no_filter
menu design,no_filter
mep engineering,no_filter
meticulous,no_filter
mfg pro,no_filter
mgcp,no_filter
mice,no_filter
microarrays,no_filter
micrometers,no_filter
microrna,no_filter
microsoft active directory,no_filter
microsoft crm,no_filter
microsoft exchange 2010,no_filter
microsoft exchange server,no_filter
microsoft infrastructure,no_filter
microsoft internet explorer,no_filter
microsoft lync,no_filter
microsoft office 2003,no_filter
microsoft office 2007,no_filter
microsoft office 365,no_filter
microsoft office applications,no_filter
microsoft office excel,no_filter
microsoft office software,no_filter
microsoft office suite,no_filter
microsoft office word,no_filter
microsoft sharepoint,no_filter
microsoft sql,no_filter
microsoft system center,no_filter
microsoft technologies,no_filter
microsoft visio,no_filter
microstrategy desktop,no_filter
microstrategy software,no_filter
middle east,no_filter
mifid,no_filter
migration software,no_filter
milling machines,no_filter
minute taking,no_filter
mips,no_filter
mitsubishi,no_filter
mixer,no_filter
mixology,no_filter
mlc,no_filter
mma,no_filter
mobile app design,no_filter
mobile cranes,no_filter
mobile money,no_filter
mobile phones,no_filter
mobile software,no_filter
mobile solutions,no_filter
mobility solutions,no_filter
modulators,no_filter
mom,no_filter
money laundering,no_filter
monitors,no_filter
monorails,no_filter
month end close,no_filter
monthly close,no_filter
monthly closing,no_filter
monthly reporting,no_filter
mooring chains,no_filter
mooring lines,no_filter
moss 2007,no_filter
motion graphics,no_filter
motivation,no_filter
motor insurance,no_filter
motorcycles,no_filter
movement,no_filter
mpeg,no_filter
mpls,no_filter
mq series,no_filter
mrp,no_filter
mrtg,no_filter
ms access,no_filter
ms exchange,no_filter
ms outlook,no_filter
ms powerpoint,no_filter
ms sharepoint,no_filter
ms visio,no_filter
ms word,no_filter
ms words,no_filter
msi,no_filter
msmq,no_filter
mss,no_filter
mssql,no_filter
multi tasking,no_filter
multicultural,no_filter
multifonds,no_filter
multimedia design,no_filter
multimedia journalism,no_filter
multitasker,no_filter
multitasking skills,no_filter
murex,no_filter
musculoskeletal,no_filter
music,no_filter
musician,no_filter
musicians,no_filter
musicianship,no_filter
mvc architecture,no_filter
mvp,no_filter
mvvm,no_filter
my sql,no_filter
myanmar,no_filter
nac,no_filter
napa,no_filter
nas,no_filter
nat,no_filter
native,no_filter
navigation equipment,no_filter
navigation software,no_filter
nda,no_filter
needles,no_filter
negociation,no_filter
negotiation skills,no_filter
network analysis,no_filter
network analyzers,no_filter
network monitoring software,no_filter
network operations,no_filter
network routers,no_filter
network switches,no_filter
new product introduction,no_filter
new product launch,no_filter
news,no_filter
newspaper,no_filter
next generation sequencing,no_filter
nfv,no_filter
ngn,no_filter
ngos,no_filter
nice,no_filter
nmr,no_filter
noc,no_filter
nodejs,no_filter
non destructive testing,no_filter
norsok,no_filter
nortel,no_filter
north america,no_filter
notary public,no_filter
novell edirectory,no_filter
npd,no_filter
npi,no_filter
npv,no_filter
ntp,no_filter
nuclear medicine,no_filter
numerical modeling,no_filter
oberon,no_filter
obesity,no_filter
object oriented software,no_filter
oca,no_filter
occupational first aid,no_filter
ocp,no_filter
ocr,no_filter
ocs,no_filter
odbc,no_filter
odi,no_filter
odoo,no_filter
oem,no_filter
ofac,no_filter
office management,no_filter
office relocation,no_filter
office suite software,no_filter
offices,no_filter
offset,no_filter
offshore experience,no_filter
offshore projects,no_filter
ohmmeters,no_filter
ohsas18001,no_filter
oil and gas,no_filter
oil coolers,no_filter
oil filters,no_filter
oilfield services,no_filter
oltp,no_filter
oms,no_filter
online communities,no_filter
online marketing,no_filter
online payments,no_filter
online pr,no_filter
online publishing,no_filter
online sales,no_filter
online training,no_filter
online user experience,no_filter
online video,no_filter
onshore,no_filter
oommf,no_filter
oop,no_filter
opc,no_filter
open minded,no_filter
open office,no_filter
opentext,no_filter
opera system,no_filter
operating model design,no_filter
operating system software,no_filter
operation management,no_filter
operational hr,no_filter
operational management,no_filter
operations analysis,no_filter
operations excellence,no_filter
operations research,no_filter
optical comparators,no_filter
optimizations,no_filter
oracle 10g,no_filter
oracle 11g,no_filter
oracle 9i,no_filter
oracle business intelligence,no_filter
oracle data guard,no_filter
oracle data integrator,no_filter
oracle dataguard,no_filter
oracle db,no_filter
oracle dba,no_filter
oracle developer 2000,no_filter
oracle financial,no_filter
oracle golden gate,no_filter
oracle java,no_filter
oracle jdeveloper,no_filter
oracle peoplesoft,no_filter
oracle rdbms,no_filter
oracle software,no_filter
oracle solaris,no_filter
oracle sql,no_filter
oral,no_filter
organisational behaviour,no_filter
organisational design,no_filter
organisational development,no_filter
organisational leadership,no_filter
organisational skills,no_filter
organisational transformation,no_filter
organised,no_filter
organization of events,no_filter
organizational skills,no_filter
organized,no_filter
origin,no_filter
orm,no_filter
orthotic devices,no_filter
oscilloscopes,no_filter
oshas 18001,no_filter
ospf,no_filter
oss,no_filter
otdr,no_filter
otn,no_filter
ott,no_filter
outgoing,no_filter
outside sales,no_filter
outspoken,no_filter
outstanding customer service,no_filter
overcoming challenges,no_filter
overhead projectors,no_filter
overseas,no_filter
oxygen analyzers,no_filter
packaging machines,no_filter
pacs,no_filter
pagers,no_filter
pain,no_filter
palm oil,no_filter
pals,no_filter
paper shredders,no_filter
parametric analyzers,no_filter
parasoft soatest,no_filter
parfums,no_filter
particles,no_filter
parties,no_filter
partner marketing,no_filter
partnership development,no_filter
partnership management,no_filter
passenger cars,no_filter
passion for success,no_filter
passion to succeed,no_filter
pasta cookers,no_filter
patch management software,no_filter
patents,no_filter
patience,no_filter
patient management software,no_filter
patran,no_filter
patterns,no_filter
paymaster,no_filter
payment processing,no_filter
payroll software,no_filter
pc troubleshooting,no_filter
pcb layout design,no_filter
pci dss,no_filter
pci standards,no_filter
pcrf,no_filter
pdca,no_filter
pdpa,no_filter
pearl,no_filter
pecvd,no_filter
pencil,no_filter
pensions,no_filter
penultimate,no_filter
people leadership,no_filter
peoplesoft campus solutions,no_filter
peoplesoft crm,no_filter
perfectionist,no_filter
performance monitoring,no_filter
perfumery,no_filter
perl scripting,no_filter
permit to work,no_filter
perseverance,no_filter
personal assistant,no_filter
personal effectiveness,no_filter
personal injury,no_filter
personal protection,no_filter
personal protective equipment,no_filter
personal style,no_filter
personal training,no_filter
personas,no_filter
personnel development,no_filter
persuasiveness,no_filter
pet,no_filter
petrochemicals,no_filter
pets,no_filter
ph meters,no_filter
pharmaceutical,no_filter
pharmacists,no_filter
pharmacy,no_filter
phone skills,no_filter
photo detectors,no_filter
photo editor,no_filter
photo manipulation,no_filter
photocopiers,no_filter
photographer,no_filter
physicians,no_filter
physiographic,no_filter
physiotherapy,no_filter
pianos,no_filter
picks,no_filter
pig,no_filter
piling,no_filter
pin gauges,no_filter
pipenet,no_filter
pipettes,no_filter
piping design,no_filter
piping engineering,no_filter
pitching,no_filter
pix,no_filter
planning and scheduling,no_filter
plannning,no_filter
platform lifts,no_filter
plays,no_filter
pll,no_filter
plsql,no_filter
plumb lines,no_filter
plungers,no_filter
pmbok,no_filter
pmo,no_filter
pointers,no_filter
police,no_filter
polishing machines,no_filter
polishing tools,no_filter
polycom,no_filter
port,no_filter
portable pumps,no_filter
portfolio analysis,no_filter
portfolio strategy,no_filter
portnet,no_filter
positioning equipment,no_filter
positive displacement pumps,no_filter
positive energy,no_filter
positivity,no_filter
post merger integration,no_filter
post once,no_filter
posters,no_filter
powerpoint skills,no_filter
ppap,no_filter
pragmatic,no_filter
pre sales,no_filter
precision engineering,no_filter
precision gauges,no_filter
prepaid cards,no_filter
preparation of reports,no_filter
preparing business cases,no_filter
presenter,no_filter
pressure gauges,no_filter
pressure transmitters,no_filter
pressure washers,no_filter
primavera,no_filter
print production process,no_filter
prioritisation,no_filter
prism,no_filter
prisms,no_filter
privacy,no_filter
private cloud,no_filter
private practice,no_filter
private wealth management,no_filter
pro engineer,no_filter
proactive,no_filter
proactivity,no_filter
probate,no_filter
probe stations,no_filter
problem resolution,no_filter
problem solving skills,no_filter
process development,no_filter
process hazard analysis,no_filter
process improvement,no_filter
process improvements,no_filter
process mapping,no_filter
process transformation,no_filter
procure to pay,no_filter
procurement management,no_filter
producer,no_filter
producers,no_filter
product control,no_filter
product launches,no_filter
product marketing,no_filter
product owner,no_filter
product planning,no_filter
production engineering,no_filter
production management,no_filter
production operations,no_filter
production support,no_filter
proe,no_filter
professional engineer,no_filter
professional experience,no_filter
proficient in english,no_filter
profilers,no_filter
program design,no_filter
program management skills,no_filter
programme development,no_filter
programme management,no_filter
progress reporting,no_filter
project cost control,no_filter
project development,no_filter
project execution,no_filter
project facilitation,no_filter
project managment,no_filter
project mangement,no_filter
project marketing,no_filter
project planning software,no_filter
project sales,no_filter
promos,no_filter
promoting,no_filter
promotion planning,no_filter
promotional products,no_filter
prosoft,no_filter
protective clothing,no_filter
protocol analyzers,no_filter
protools,no_filter
pstn,no_filter
ptv visum,no_filter
public address systems,no_filter
public key infrastructure,no_filter
public relations skills,no_filter
publisher,no_filter
puff,no_filter
pulleys,no_filter
punches,no_filter
punctual,no_filter
purchase,no_filter
purchasing management,no_filter
purchasing software,no_filter
purchasing strategy,no_filter
pvd,no_filter
qhse,no_filter
qmf,no_filter
qms,no_filter
qos,no_filter
qpcr,no_filter
qra,no_filter
qualitative analysis software,no_filter
qualitative market research,no_filter
quality center,no_filter
quality engineering,no_filter
quality improvement processes,no_filter
quality systems,no_filter
quant,no_filter
quick learner,no_filter
quick thinker,no_filter
quivers,no_filter
racf,no_filter
rad,no_filter
radar systems,no_filter
radiation oncology,no_filter
radiation protection,no_filter
rail,no_filter
railway,no_filter
ranges,no_filter
rapt,no_filter
rates,no_filter
rational rose,no_filter
razor,no_filter
rdf,no_filter
rdp,no_filter
react,no_filter
reading,no_filter
ready to learn,no_filter
real estate finance,no_filter
real estate investment,no_filter
real estate valuation,no_filter
realty,no_filter
receiving,no_filter
recipes,no_filter
reciprocating pumps,no_filter
reconciliation,no_filter
reconciliations,no_filter
records management systems,no_filter
recruiters,no_filter
recruitments,no_filter
rectifiers,no_filter
redhat,no_filter
reduce,no_filter
reefer,no_filter
refineries,no_filter
refinery,no_filter
refrigeration systems,no_filter
refrigeration units,no_filter
refrigerators,no_filter
refurbishing,no_filter
refurbishment,no_filter
regional management,no_filter
regional managers,no_filter
regional sales,no_filter
registered nurses,no_filter
regression,no_filter
reimbursement,no_filter
reit,no_filter
reits,no_filter
relationship mgmt,no_filter
relaxation,no_filter
release management,no_filter
reliable,no_filter
relocations,no_filter
remote access software,no_filter
remote control software,no_filter
remote management,no_filter
remote support,no_filter
reorganization,no_filter
replenishment,no_filter
repo,no_filter
report generation,no_filter
reportage,no_filter
reporting software,no_filter
reputation,no_filter
requirement analysis,no_filter
requirement gathering,no_filter
requirements analysis software,no_filter
requirements specification,no_filter
research analysis,no_filter
research and analysis,no_filter
research and development,no_filter
researcher,no_filter
reservation,no_filter
reserving,no_filter
resilience,no_filter
resorts,no_filter
resourceful,no_filter
resourcing,no_filter
respect,no_filter
respirators,no_filter
respiratory care,no_filter
rest api,no_filter
restaurant,no_filter
restaurants,no_filter
restorative,no_filter
results oriented,no_filter
retail industry,no_filter
retail management,no_filter
retail marketing,no_filter
retail operation,no_filter
retail operations,no_filter
retail systems,no_filter
retaining customers,no_filter
retirement,no_filter
revenue management,no_filter
reward strategy,no_filter
rfc,no_filter
rfp preparation,no_filter
rfq,no_filter
rhce,no_filter
rhcsa,no_filter
ria,no_filter
rigging equipment,no_filter
riggings,no_filter
risk analysis software,no_filter
risk control,no_filter
risk mitigation,no_filter
rnc,no_filter
roadmap,no_filter
robotic cameras,no_filter
rock,no_filter
rolling mills,no_filter
romi,no_filter
routing and switching,no_filter
rpgle,no_filter
rsa,no_filter
rtb,no_filter
rtl,no_filter
rtos,no_filter
rtp,no_filter
rtsp,no_filter
rules,no_filter
safe,no_filter
safety boots,no_filter
safety leadership,no_filter
safety management,no_filter
safety shoes,no_filter
safety showers,no_filter
safety supervisor,no_filter
safety vests,no_filter
salary negotiation,no_filter
salary reviews,no_filter
sales analytics,no_filter
sales and marketing,no_filter
sales coach,no_filter
sales commissions,no_filter
sales development,no_filter
sales excellence,no_filter
sales force effectiveness,no_filter
sales forecasting,no_filter
sales leadership,no_filter
sales manager,no_filter
sales negotiation,no_filter
sales pipeline management,no_filter
sales planning,no_filter
sales programs,no_filter
sales reporting,no_filter
sales skills training,no_filter
sales software,no_filter
sales training,no_filter
saml,no_filter
san,no_filter
sanctions,no_filter
sap b1,no_filter
sap basis,no_filter
sap bo,no_filter
sap bobj,no_filter
sap business intelligence,no_filter
sap bw,no_filter
sap clm,no_filter
sap cs,no_filter
sap data migration,no_filter
sap grc,no_filter
sap gts,no_filter
sap maintenance,no_filter
sap payroll,no_filter
sap pi,no_filter
sap qm,no_filter
sap r3,no_filter
sap security,no_filter
sap software,no_filter
sap solution manager,no_filter
sap super user,no_filter
sap tm,no_filter
sap ui5,no_filter
sap wm,no_filter
sas eg,no_filter
sas enterprise miner,no_filter
sas jmp,no_filter
sas software,no_filter
sata,no_filter
satcom,no_filter
satellite communications,no_filter
scale up,no_filter
scan tools,no_filter
scanning software,no_filter
scem,no_filter
schematic design,no_filter
scholarships,no_filter
scientific research,no_filter
scissor lifts,no_filter
scissors,no_filter
scrapers,no_filter
scriptwriter,no_filter
scsa,no_filter
scvmm,no_filter
sdh,no_filter
sdn,no_filter
sdp,no_filter
sea,no_filter
search marketing,no_filter
sec filings,no_filter
sec reporting,no_filter
security alarm systems,no_filter
security assessments,no_filter
security cameras,no_filter
security clearance,no_filter
security surveillance systems,no_filter
segment marketing,no_filter
semiconductor equipment,no_filter
semiconductor manufacturing,no_filter
seminars,no_filter
senior executive leadership,no_filter
senior executives,no_filter
senior management,no_filter
seniors,no_filter
sepa,no_filter
separation,no_filter
separations,no_filter
sergers,no_filter
series 63,no_filter
server virtualisation,no_filter
server virtualization,no_filter
service client,no_filter
service desk,no_filter
service excellence,no_filter
service level agreements,no_filter
service management,no_filter
service now,no_filter
service transition,no_filter
services delivery,no_filter
services sales,no_filter
servlet,no_filter
settlements,no_filter
sewing machines,no_filter
sfa,no_filter
sfdc,no_filter
sfr,no_filter
sfrs,no_filter
sftp,no_filter
sgx,no_filter
shackles,no_filter
shapers,no_filter
shareholder,no_filter
sharepoint 2007,no_filter
sharepoint 2010,no_filter
sharepoint 2013,no_filter
sharepoint portal server,no_filter
ship conversion,no_filter
ship design,no_filter
ship finance,no_filter
shipbroking,no_filter
shipping documentation,no_filter
shipping software,no_filter
shoe lasts,no_filter
sibs,no_filter
siebel crm,no_filter
siebel eai,no_filter
signage,no_filter
signal conditioners,no_filter
signal lights,no_filter
signal transmitters,no_filter
silencers,no_filter
silicon debug,no_filter
singapore frs,no_filter
sip,no_filter
site design,no_filter
site engineer,no_filter
site manager,no_filter
ski,no_filter
sla,no_filter
sleeping,no_filter
slicers,no_filter
slings,no_filter
slitting machines,no_filter
slots,no_filter
smed,no_filter
smiling,no_filter
smo,no_filter
smpp,no_filter
smsc,no_filter
smtp,no_filter
snack vending machines,no_filter
soap ui,no_filter
soc,no_filter
software configuration management,no_filter
software engineering,no_filter
software quality,no_filter
software solution sales,no_filter
software training,no_filter
soil investigation,no_filter
soldering tools,no_filter
solid works,no_filter
solution architect,no_filter
solution design,no_filter
solutions development,no_filter
sommelier,no_filter
songs,no_filter
sonography,no_filter
sop,no_filter
south america,no_filter
southeast asia,no_filter
sow,no_filter
space planing,no_filter
spaceman,no_filter
spanners,no_filter
spatulas,no_filter
speaking engagements,no_filter
special needs,no_filter
special projects,no_filter
specialty chemicals,no_filter
specification software,no_filter
spectrum analyzers,no_filter
speech and drama,no_filter
sphr,no_filter
spi,no_filter
spindles,no_filter
spirits,no_filter
spirituality,no_filter
splints,no_filter
spokesperson,no_filter
sponges,no_filter
sponsoring,no_filter
sponsorship sales,no_filter
spoons,no_filter
sport,no_filter
sports betting,no_filter
sports marketing,no_filter
sports performance,no_filter
spray dryers,no_filter
spreadsheet applications,no_filter
spreadsheet software,no_filter
springs,no_filter
sprinklers,no_filter
spss modeler,no_filter
spss software,no_filter
sqc,no_filter
sql database design,no_filter
sql developer,no_filter
sql server 2008,no_filter
squares,no_filter
squeegees,no_filter
ssas,no_filter
ssd,no_filter
ssis,no_filter
sso,no_filter
ssrs,no_filter
staad pro,no_filter
stability,no_filter
stackers,no_filter
staff management,no_filter
staff mentoring,no_filter
stage,no_filter
stakeholder relations,no_filter
standard operating procedures,no_filter
standardization,no_filter
stands,no_filter
startups,no_filter
statistical learning,no_filter
statistical process control,no_filter
statistics software,no_filter
steam lines,no_filter
steamers,no_filter
stencils,no_filter
sterilizers,no_filter
still cameras,no_filter
stlc,no_filter
stone grinders,no_filter
storage management software,no_filter
storage servers,no_filter
store management,no_filter
store operations,no_filter
stores,no_filter
stories,no_filter
stp,no_filter
strain gauges,no_filter
strainers,no_filter
straps,no_filter
strategic analysis,no_filter
strategic communications,no_filter
strategic development,no_filter
strategic financial planning,no_filter
strategic hr,no_filter
strategic management,no_filter
strategic partnerships,no_filter
strategic procurement,no_filter
strategy development,no_filter
strategy management,no_filter
strategy planning,no_filter
streamlining work processes,no_filter
strength,no_filter
stress,no_filter
strollers,no_filter
strong business acumen,no_filter
structural design,no_filter
structural engineers,no_filter
structured products,no_filter
structured query language,no_filter
structured trade finance,no_filter
struts2,no_filter
studio cameras,no_filter
subsea,no_filter
supercomputers,no_filter
suppliers development,no_filter
supply chain analytics,no_filter
supply chain finance,no_filter
supply chain management,no_filter
supply planning,no_filter
supportive,no_filter
surface plates,no_filter
surgeons,no_filter
surgical robots,no_filter
sustainability strategy,no_filter
sustainable energy,no_filter
svm,no_filter
svn,no_filter
sweepers,no_filter
swift messages,no_filter
swing,no_filter
swt,no_filter
symantec netbackup,no_filter
synthetic chemistry,no_filter
system analysis,no_filter
system analyst,no_filter
system engineering,no_filter
system implementation,no_filter
system integration,no_filter
system security,no_filter
system verilog,no_filter
systematic,no_filter
systems integration,no_filter
t24,no_filter
talent acquisition,no_filter
talent assessment,no_filter
talent development,no_filter
talent identification,no_filter
talent mapping,no_filter
talent sourcing,no_filter
tally,no_filter
tandem,no_filter
tank,no_filter
tap,no_filter
tape recorders,no_filter
taping,no_filter
taps,no_filter
target oriented,no_filter
targets,no_filter
tax returns,no_filter
tbm,no_filter
tcp,no_filter
tdd,no_filter
tds,no_filter
teachers,no_filter
teaching english,no_filter
teaching experience,no_filter
teaching skills,no_filter
team lead,no_filter
team leader,no_filter
team motivator,no_filter
team oriented,no_filter
team work,no_filter
teambuilding,no_filter
technical assistance,no_filter
technical due diligence,no_filter
technical hiring,no_filter
technical liaison,no_filter
technical management,no_filter
technical sales,no_filter
technical service,no_filter
technical support,no_filter
technology assessment,no_filter
technology development,no_filter
technology evangelist,no_filter
tefl,no_filter
telemarketing,no_filter
telephone skills,no_filter
telesales,no_filter
television production,no_filter
temperature gauges,no_filter
temperature transmitters,no_filter
tenant,no_filter
tender packages,no_filter
tender process,no_filter
tendering,no_filter
tenders,no_filter
teradata database,no_filter
terminations,no_filter
territory,no_filter
test design software,no_filter
test tubes,no_filter
testing and commissioning,no_filter
tetra,no_filter
textile,no_filter
tfs,no_filter
thai language,no_filter
thailand,no_filter
theory,no_filter
thread gauges,no_filter
thumb drives,no_filter
tibco amx bpm,no_filter
tibco business works,no_filter
tibco bw,no_filter
tibco spotfire,no_filter
tig,no_filter
time management system,no_filter
times software,no_filter
timesoft,no_filter
timing equipment,no_filter
titrators,no_filter
tivoli,no_filter
tlc,no_filter
tms,no_filter
tmt,no_filter
toasters,no_filter
toc,no_filter
tongs,no_filter
tool design,no_filter
tooling,no_filter
total cost reduction,no_filter
total productive maintenance,no_filter
total stations,no_filter
tour buses,no_filter
tourism,no_filter
tower cranes,no_filter
tpm,no_filter
tqm,no_filter
tracheostomy tubes,no_filter
tractors,no_filter
trade execution,no_filter
trade marketing,no_filter
trade processing,no_filter
trade sales,no_filter
trade support,no_filter
trade surveillance,no_filter
tradenet,no_filter
trading operations,no_filter
trading platforms,no_filter
trading system,no_filter
trading technology,no_filter
traffic generators,no_filter
train staff,no_filter
trainers,no_filter
training and assessment,no_filter
training and development,no_filter
training development,no_filter
training skills,no_filter
training software,no_filter
transaction monitoring,no_filter
transaction services,no_filter
translation management,no_filter
translation services,no_filter
transmission electron microscopy,no_filter
transport,no_filter
trauma,no_filter
travel retail,no_filter
trawlers,no_filter
trends,no_filter
trolleys,no_filter
troubleshooting software,no_filter
trust,no_filter
trusted advisor,no_filter
ts16949,no_filter
tsm,no_filter
tuberculosis,no_filter
tugboats,no_filter
tuition,no_filter
tunnelling,no_filter
turbine generators,no_filter
turbine pumps,no_filter
turnaround,no_filter
turnarounds,no_filter
turning machines,no_filter
twitter bootstrap,no_filter
two way radios,no_filter
tws,no_filter
uart,no_filter
udp,no_filter
uhv,no_filter
ui design,no_filter
umts,no_filter
underwear,no_filter
unicorn,no_filter
university relations,no_filter
unix operating systems,no_filter
upgrades,no_filter
uplc,no_filter
ups,no_filter
upselling,no_filter
urinals,no_filter
usability design,no_filter
user interface,no_filter
usp,no_filter
utility,no_filter
uvm,no_filter
vacation,no_filter
vacuum cleaners,no_filter
vacuum systems,no_filter
vacuum technology,no_filter
validations,no_filter
value analysis,no_filter
value management,no_filter
var,no_filter
variances,no_filter
vas,no_filter
vat,no_filter
vb scripting,no_filter
vb6,no_filter
vcenter,no_filter
vcp,no_filter
vcs,no_filter
velvet,no_filter
ventes,no_filter
ventilation equipment,no_filter
vernier calipers,no_filter
versatile,no_filter
versatility,no_filter
version control software,no_filter
veterinary,no_filter
vfd,no_filter
video editing software,no_filter
video encoding,no_filter
video projectors,no_filter
videographer,no_filter
vietnam,no_filter
virtual roster,no_filter
virtualization solutions,no_filter
virtualization technology,no_filter
vises,no_filter
vlsi,no_filter
vms,no_filter
vmware esx server,no_filter
vmware esxi,no_filter
vmware software,no_filter
vnc,no_filter
vocal,no_filter
vpls,no_filter
vray,no_filter
vrf,no_filter
vrrp,no_filter
walkers,no_filter
wall street,no_filter
wan,no_filter
wap,no_filter
warehouse layout,no_filter
washing machines,no_filter
wastewater,no_filter
water filters,no_filter
water heaters,no_filter
water management,no_filter
water purification systems,no_filter
water resources,no_filter
waterfall,no_filter
waterfront,no_filter
wcdma,no_filter
wcf,no_filter
wdm,no_filter
wds,no_filter
wealth protection,no_filter
weapons,no_filter
web commerce,no_filter
web design software,no_filter
web developers,no_filter
web marketing,no_filter
web security,no_filter
webinars,no_filter
webservices,no_filter
website copy,no_filter
website creation,no_filter
website design,no_filter
website development,no_filter
website management,no_filter
websites,no_filter
webtrends,no_filter
wedges,no_filter
weight,no_filter
weights,no_filter
weld,no_filter
welders,no_filter
welding electrodes,no_filter
welding equipment,no_filter
welding inspector,no_filter
welding procedures,no_filter
western blot,no_filter
wet scrubbers,no_filter
win32,no_filter
wind,no_filter
windows 2008,no_filter
windows operating system,no_filter
windows os,no_filter
windows server 2003,no_filter
windows server 2008,no_filter
windows server 2012,no_filter
windows servers,no_filter
wine knowledge,no_filter
wine sales,no_filter
wins,no_filter
wire framing,no_filter
wire ropes,no_filter
wireframes,no_filter
wireless communication systems,no_filter
wireless communications,no_filter
wireless network design,no_filter
wireless solutions,no_filter
wireless transmitters,no_filter
wiring,no_filter
withholding tax,no_filter
wmi,no_filter
wms,no_filter
woks,no_filter
womenswear,no_filter
word processing software,no_filter
work ethic,no_filter
work platforms,no_filter
work well independently,no_filter
workflow analysis,no_filter
workflow solutions,no_filter
workforce development,no_filter
workplace health,no_filter
workplace strategy,no_filter
workshop facilitation,no_filter
workstream,no_filter
written and spoken,no_filter
written correspondence,no_filter
wsdl,no_filter
wsq,no_filter
xendesktop,no_filter
xrd,no_filter
xsd,no_filter
yachts,no_filter
yield enhancement,no_filter
yii framework,no_filter
yui,no_filter
